{"cameraMode":{"drawMode":0,"name":"Shaded","section":"Shading Mode"},"sceneLighting":true,"audioPlay":false,"sceneViewState":{"showFog":true,"showMaterialUpdate":false,"showSkybox":true,"showFlares":true,"showImageEffects":true,"showParticleSystems":true},"in2DMode":false,"pivot":{"x":5.068854331970215,"y":0.02539251185953617,"z":14.212618827819825},"rotation":{"x":0.0032669834326952698,"y":-0.7320911884307861,"z":0.681189775466919,"w":0.003511131042614579},"size":9.808210372924805,"orthographic":false}